9876543210,Rajesh Kumar,rajesh.kumar@example.com

8765432109,Sunita Sharma,sunita.sharma@example.com

7654321098,Amit Singh,amit.singh@example.com

6543210987,Priya Verma,priya.verma@example.com

5432109876,Rahul Patel,rahul.patel@example.com

4321098765,Neha Gupta,neha.gupta@example.com

3210987654,Aarti Sharma,aarti.sharma@example.com

2109876543,Ravi Verma,ravi.verma@example.com

1098765432,Anita Singh,anita.singh@example.com

0987654321,Sanjay Kumar,sanjay.kumar@example.com

9876543211,Deepak Sharma,deepak.sharma@example.com

8765432101,Pooja Gupta,pooja.gupta@example.com

6543210989,Sarika Patel,sarika.patel@example.com

5432109878,Alok Singh,alok.singh@example.com

4321098767,Sangeeta Sharma,sangeeta.sharma@example.com

3210987656,Vikas Verma,vikas.verma@example.com

2109876545,Jyoti Singh,jyoti.singh@example.com